序号,平台,游戏名称,AppID,评论内容,点赞数,评论时间,是否推荐,是否购买
1,Steam,Assassin's Creed Odyssey,812140,"​Assassin's Creed? No. Ancient Greek Demigod Simulator? Yes. ​I bought this game to be a stealthy assassin in the shadows. 50 hours later: I am wearing flaming armor, wielding a poison trident, and I just Sparta-kicked a mercenary off a cliff while riding a unicorn. ​The Odyssey Experience: ​Stealth: Optional. Why stab quietly when you can set the entire fort on fire? ​History: Accurate, until you fight a Minotaur. ​Dialogue: 50% Philosophy, 50% ""Malaka."" ​Romance: You can flirt with everyone. Men, women, elderly people, probably the horse if the devs had more time. ​Fall Damage: Doesn't exist. You can jump from Mount Olympus and land on your feet like a superhero. ​The Gameplay Loop: ​See a question mark (?) on the map. ​Go to the question mark. ​Kill the Captain. Loot the Chest. ​Realize there are 4,000 more question marks. ​Cry. ​Keep playing. worst ""Assassin"" game, best ""Wonder Woman/Hercules"" simulator ever made. ​10/10 - Would hear ""Malaka"" for the 10,000th time again .",322,2025-12-16 06:14:20,推荐,是
2,Steam,Assassin's Creed Odyssey,812140,"[h1]Мой Одиссей в Древней Греции [b](и почему именно он)[/b][/h1] Привет всем! Меня зовут [b]Сергей[/b], и я, как вы уже поняли, небольшой фанат серии игр [b]Assassin's Creed[/b]. Причем фанат со стажем, еще с тех времен, когда Альтаир только начинал свои прыжки веры, а Эцио был молодым и беззаботным флорентийским гулякой. Я застал все этапы развития серии, от стелс-экшенов до полноценных RPG. И вот, спустя столько лет, я решил впервые попробовать себя в роли обзорщика. Почему именно Odyssey? Хороший вопрос. И, честно говоря, ответ на него не так прост, как кажется. Возможно, это ностальгия по тем временам, когда игры были не просто развлечением, а целым миром, в который ты погружался с головой. Возможно, это желание разобраться, что же такого особенного в этой части, которая вызвала столько споров и разделила фанатов на два лагеря. А может быть, это просто потому, что я провел в ней столько времени, что она стала для меня чем-то большим, чем просто игра. В любом случае, я постараюсь максимально честно и детально рассказать о своем опыте, о всех тонкостях и нюансах, которые я заметил за сотни часов, проведенных в Древней Греции. [hr][/hr] [h2][b]Добро пожаловать в Элладу:[/b] Мир, который дышит[/h2] Первое, что бросается в глаза в Odyssey, это, конечно же, масштаб. Карта огромна, и она не просто большая, она живая. Каждый регион имеет свою уникальную атмосферу, свои особенности, свои секреты. От залитых солнцем пляжей Кефалонии до заснеженных вершин Македонии, от шумных улиц Афин до мистических руин Дельф - мир Odyssey поражает своим разнообразием. И что самое главное, он не кажется пустым. Куда бы ты ни пошел, ты обязательно найдешь что-то интересное: лагерь бандитов, древний храм, затерянную пещеру, или просто живописный вид, от которого захватывает дух. [hr][/hr] [h2][b]RPG-элементы:[/b] Эволюция или Отступление?[/h2] Вот тут мы подходим к самому спорному моменту. Odyssey - это полноценная RPG, со всеми вытекающими последствиями. Разветвленные диалоги, система прокачки, снаряжение, навыки - все это здесь. И для меня, как для фаната старых частей, это было одновременно и плюсом, и минусом. Система прокачки сделана хорошо. Есть три ветки навыков: Охотник (лук), Воин (ближний бой) и Ассасин (скрытность). Ты можешь комбинировать их по своему усмотрению, создавая уникальный стиль игры. Я, например, предпочитал играть за скрытного убийцу, но при этом не брезговал и открытыми столкновениями, когда это было необходимо. Снаряжение тоже играет важную роль, позволяя еще больше кастомизировать своего персонажа. [hr][/hr] [h2][b]Боевая система:[/b] От ""танцев"" к ""рубилову""[/h2] Боевая система в Odyssey сильно отличается от того, что мы видели в предыдущих частях. Она стала более динамичной, более агрессивной. Теперь это не столько ""танцы"" вокруг врага, сколько полноценное ""рубилово"" с уклонениями, парированиями и использованием различных навыков. Мне, честно говоря, это понравилось. Бои стали более зрелищными и напряженными. [hr][/hr] [h2][b]Сюжет и персонажи:[/b] Драма на фоне Пелопоннесской войны[/h2] Сюжет Odyssey, на мой взгляд, является одним из самых сильных элементов игры. Он глубокий, эмоциональный и полон неожиданных поворотов. Мы играем за Мистия (или Мистию), потомка легендарного царя Леонида, который оказывается втянут в водоворот Пелопоннесской войны и семейных драм. Я выбрал Кассандру, и ни разу не пожалел - её харизма, сарказм и внутренняя сила просто завораживают. Диалоги с другими персонажами, будь то исторические личности вроде Сократа или вымышленные герои, наполнены живостью и смыслом. Игра умело балансирует между исторической достоверностью и художественным вымыслом, что делает путешествие по Древней Греции не только увлекательным, но и познавательным. Особенно мне понравилось, как разработчики подошли к теме выбора и последствий. В Odyssey твои решения действительно влияют на ход событий, отношения с персонажами и даже на финал игры. Это добавляет глубины и заставляет задуматься, прежде чем нажать на кнопку. Иногда я специально возвращался к определённым моментам, чтобы посмотреть, как изменится история, если поступить иначе. [hr][/hr] [h2][b]Исследование и побочные активности:[/b] Когда хочется больше[/h2] Одной из сильных сторон Odyssey является огромное количество побочных заданий и активностей. Они не кажутся пустой тратой времени, а зачастую раскрывают дополнительные грани мира и персонажей. Всё это делает мир живым и насыщенным. Особенно запомнились задания с мифологическими элементами, которые добавляют игре особый колорит. [hr][/hr] [h2][b]Графика и звук:[/b] Погружение во времена Эллады[/h2] Отдельно стоит отметить визуальную составляющую Odyssey. Графика здесь на высоте - пейзажи поражают своей красотой и детализацией. Свет, тени, вода, растительность - всё это создаёт ощущение настоящего путешествия во времени. Особенно впечатляют рассветы и закаты, когда солнце окрашивает небо в огненные оттенки, а море переливается золотом. Звуковое сопровождение тоже заслуживает похвалы: музыка отлично передаёт атмосферу эпохи, а звуки природы и битв делают мир живым и осязаемым. [hr][/hr] [h2][b]Техническая сторона:[/b] Где без шероховатостей не обошлось[/h2] Конечно, игра не идеальна. За сотни часов я столкнулся с некоторыми багами и недочётами - от мелких графических глюков до проблем с квестами, которые иногда не запускались или не засчитывались. Иногда раздражала и система быстрого перемещения, которая могла подвести в самый неподходящий момент. Но, честно говоря, эти моменты не испортили общего впечатления. Ubisoft регулярно выпускала патчи, и многие проблемы были исправлены. [hr][/hr] [h2][b]Каков вывод:[/b][/h2] Подводя итог, хочу сказать, что это не просто очередная часть серии. Это целое приключение, которое затягивает с головой и не отпускает до самого конца. Для меня, как для человека, который вырос на первых частях, Odyssey стала своего рода мостом между прошлым и будущим серии. Она сохранила дух исследования и погружения, который я так любил, но при этом добавила новые механики и глубину, которые делают её актуальной и интересной сегодня. Я выбрал именно эту часть для своего первого обзора, потому что она, на мой взгляд, является одной из самых амбициозных и проработанных в серии. Она не боится экспериментировать, ломать шаблоны и предлагать игроку нечто новое. Да, она отошла от классических канонов ""ассасинов"", но сделала это не ради самого факта, а для того, чтобы создать более глубокий и многогранный игровой опыт.",198,2026-07-03 22:12:30,推荐,是
3,Steam,Assassin's Creed Odyssey,812140,这个游戏我第一次在上小学的时候在抖音上刷到的，当时里面的风景彻底震撼到了小小的老子，后来我就想着长大了有了自己的电脑一定要爽玩，之后23年姐姐嫁给了姐夫，我的姐夫也是一名游戏爱好者 家里有一台PS5，我拿起手柄第一件事就是打开了这一款游戏，这是我接触的第一款大型单机游戏，它没有让我失望。之后暑假结束，我不得不回到小县城里的衡水式教育的高中。但是每当我在题海中快绝望的时候 我就想 高考结束后就可以和这个游戏重聚了。或许是我一厢情愿，但是这款游戏确实是我对未来大学生活的希冀。之后25年高考结束，分数556不算高，但是也足够让我考上一所不错的公办本科。家里给我买了一台电脑，我在那年的夏促购入了这款游戏，半个暑假的时间都在这里度过，我也算完成了小时候和自己的约定。虽然它很肝，但是它依旧是我小时候的白月光。我写了这么多也是想说 小翟你的愿望达成了，18年期待的信仰之跃终于在25年起跳。,197,2026-06-24 21:53:42,推荐,是
4,Steam,Assassin's Creed Odyssey,812140,"the simple requirement to lock games that i bought on steam, to another ubisoft account cost me hundrets of dollars. Just because Ubisoft as a company in its entirety, is a collective pile of ♥♥♥♥. in 2019 i moved to another country and forgot to link my new phonenumber to the 2stepverification in ubisoft connect (i know thats on me), but even with every single proof of purchase ubisoft refuses to help me claim back my ubisoft account. it has been years of trying but after i found an AMA of an actual ubisoft-support worker on reddit, i found out that because i moved to another country, my requests are redflagged and there is literally no way that ubisoft support would help me anymore. Therefor whenever i go through my steamlibrary and feel like playing any of my assassins creed, farcry or rainbow six games, i get the ""this game is linked to another ubisoft account"" message and just cant. thats literally a few hundred dollars, probably close to 1k, i lost in games and cosmetics i bought, especially in my nearly 600 hours of rainbow six siege. Even though it started with my own mistake of forgetting to get my 2-stepverification to be set up anew, it is still unbelievable to me that there is just 0 ways to resolve this with ubisoft. Therefore i will never give ubisoft a single cent again and despise the whole company. i still feel robbed and it has been nearly 8 years",171,2026-08-03 15:44:27,不推荐,是
5,Steam,Assassin's Creed Odyssey,812140,这库里面躺了个老游戏，还是疫情前就入手的。 当年一腔热血上头买下来，公司那破网速，挂着下载整整三天三夜，熬得人满心期待。结果好家伙，老电脑实在拉胯，进都没法痛快进，草草玩了几个小时就只能搁库里吃灰。这一搁，就是好些年。 如今换了新机子，又赶上诺兰的《奥德赛》上映，才想着把这压箱底的老货翻出来。也不追求什么爆肝通关、卷操作，就想好好逛逛游戏里的希腊大地，看看山海风物，粗浅感受下那段古老的历史，也算不辜负当年掏钱的那份初心。 设备终于不再拖后腿了，可点开启动键那一刻，心里就冒出来那句，欲买桂花同载酒，终不似，少年游。 硬件到位了，游戏还是那个游戏，可当年蹲在电脑前，满心焦灼等着下载完成，对冒险充满滚烫憧憬的那股少年心气，早就不在了。 算是一场迟到了许多年的赴约。不再有年少时的狂热上头，就安安静静走走看看，把当年没能见到的风景，一点一点补回来。也算给过去的自己，一个交代。,169,2026-08-16 18:29:22,推荐,是
6,Steam,Assassin's Creed Odyssey,812140,"Go easy or normal difficulty, disable the entire HUD, ignore every quest except the main story and do tourism around the ancient greece until you are satisfied, that should be your goal in this game and the best experience you will get. Dont fall in the trap of doing every quest, explore every corner, reach every level and kill every enemy, the gameloop is not complex enough to engage all the hours a map this big requires.",154,2026-06-14 04:14:21,推荐,是
7,Steam,Assassin's Creed Odyssey,812140,"If you're curious whether everything negative people say about the 'RPG' AC games is true, like I was, let me save you 80+ hours and confirm it's all true. For context, I never leave reviews. If you like a game, cool. Hate it? Cool. But I just do not understand how this game is sitting so highly rated. I have never, NEVER, played a game so completely filled with and predicated on repetitive, mindless slop content. Every. Single. Quest is 'mistios, I've run out of toilet paper, please kill the bandits that took it' or, even worse, 'sprint around in a 100m radius circle to collect 5 leaves, I've been waiting weeks for a hero like you to come along and help'. Every quest objective is ever so slightly far away as well to feel like a complete chore to get there. This isn't just the case for the hundreds of side quests, but the main quest as well. Speaking of the main quest, I'd heard positive things and sadly I think those people singing the game's praises were playing a different game. To be clear there are sections of the main story I enjoyed, sections with genuinely rewarding emotional payoffs, genuinely impressive motion capture helping sell tragedy in some moments, and some great voice acting by Kassandra's voice actor. However most of what you'll be doing feels ancillary, unimportant and a complete waste of time in a game already bloated with slop content. Worst of all, I'd heard the payoff was worth it but the story just sort of... ends? The modern day aspects are also by far the worst aspects, full of characters I had genuine disdain for and, again, zero payoff. The gameplay itself, depite the 'RPG' mechanics, is a basic and brain-dead as it's ever been in this franchise. Parkour is the biggest culprit with near enough no depth and the abilities to completely negate fall damage 10 hours into the game, and completely scale 95% of surfaces without any thought as to your path from the opening minutes of the game. Combat is animation driven slop with an incredibly low skill-ceiling and a reliance on long 'super-power' abilities that I'd honestly um and ah over whether to use. On the one hand the fight (and my misery) might end sooner, but on the other the 15 second combat animation might mean I'd be better off button mashing. If you insist on playing this game I implore you, gear yourself towards a high crit chance and crit damage build that can one-shot enemies and turn the difficulty down to easy, you'll be done a good few hours sooner. The game is also this awkward hodge-podge of all the worst ideas from other games. Did you love the inane map-marker driven nonsense in the witcher 3? Did you also feel that while the witcher 3 was a masterpiece in some regards, the combat was a weaker aspect of the package? Good news, we've got thousands of cut and paste map markers and the combat is worse than in the witcher. Did you like the nemesis system in the LOTR Shadow franchise? Then you'll love this completely gutted, characterless mercenary system blatant copy of it. It even takes genuinely good aspects of previous games in the franchise and makes them inexplicably worse. How is the naval combat in Black Flag SO much more enjoyable, versatile and well-executed than a game by the same developers, released 4 or 5 years after it? My final vent is the length and the DLCs. At this stage I'm about halfway through the Fate of Atlantis. Throughout my 85ish hours with the game I've been debating whether my thoughts are it's bad game or just a mindless game that's not for me. I was thinking the latter held true but this game is so intent on showing more and more hours of pointlessness down my throat that I simply can't picture anyone who'd enjoy the content on offer stretched over this length. Genuinely, I want to meet them, the same way I'd be interested to discuss with a serial killer why they are the way they are so I can just understand how their brain works more than anything. I thought approx 7.5hrs ago that I was finally coming to end with this game but had the awful realisation this final DLC looked a little large. So I googled. 15 hours long. I'm trying. Seriously, I'm trying to get through it. But the negatives of the main game are even sharper here with even less payoff. I think I might have to give up on this torture, I'm getting more enjoyment writing about how you should please, please avoid this slop than actually pushing through the final 5 hours to at least mentally tick this game off and parcel it away in my library to never touch again. HOWEVER, it's not all bad. The game looks gorgeous. The sync point towers provide from some great screenshot opportunities across varied and genuinely gorgeous biomes. It feels like a success in being an 'odyssey' in this respect. It runs surprisingly well as well. I've got a strong rig but I was genuinely surprised to see I could push 1440p ultrawide at 100fps (with dips to 80ish in city areas). Additionally, there was a period of about 10hrs where I just roamed the Aegean, landing on new islands, completing quest chains and indiscriminately stabbing my way through Greece. This felt like the game I imagined it could be. Well put together, contained, gorgeous, a genuine sense of discovery. Were all these positive worth the slog of the remainder of the game though? No. Not even slightly. This game is a case study in how to create a gorgeous, soulless time sink that has no regard for the intelligence or time of players and I'm genuinely baffled as to how this half-baked RPG nonsense the franchise has turned to hasn't completely killed this tired franchise that I (for better or worse) spent so much time with as a kid. By all means give it a go, but if you aren't hooked within 2hrs, please please refund this. It doesn't get better, it just gets longer.",98,2025-10-01 20:58:42,不推荐,是
8,Steam,Assassin's Creed Odyssey,812140,"Le saqué el 100% y puedo dar mi reseña en su totalidad. ✔️Un jugador ❌Cooperativo. ❌Cooperativo Local. ❌Multijugador. === Gráficos === ❌Muy malos. ❌Malos. ❌Normales. ❌Correctos. ❌Buenos. ✔️Muy buenos. ❌Excelentes. === Precio/calidad === ❌Cómpralo No seas rata. ❌Espera a conseguirlo en un bundle. ✔️Espera a que baje de precio. ❌Acorde a lo que ofrece. ❌Pide reembolso si puedes. ❌No lo compres. ❌Its, free. (Yo lo compre, cuando estaba de oferta y con todo e incluyendo el Assassin Creed III Remasterizado que venia también en el PACK) === Requisitos === ❌Pc´s antiguos. ❌Pc´s Medio. ✔️Pc´s Gaming. ❌Mucha potencia. ❌Ordenador de la NASA. (Está entre Pc´s Gaming, el juego está bien pero mientras mejor PC algo mejor funcionará) === Dificultad === ❌Muy fácil. ❌Fácil. ✔️Fácil de aprender/difícil de dominar. ❌Dificultad media. ❌Difícil. ❌Muy difícil. ❌Extremo. (Puedes configurar, su dificultad al principio y durante el juego) === Horas de Juego === ❌Muy corto (menos de 2 horas). ❌Corto (2 - 8 horas). ❌Tiempo de juego medio (de 8 a 12 horas historia normal). ❌Largo (más de 12 horas). ❌Muy Largo (de 20 horas en adelante). ✔️Extra Largo (de 50 horas en adelante). ❌Lo que le quieras dedicar. (Si quieres sacarle el 100% te llevará entre 100 horas en adelante, si quieres jugar todo lo que te ofrece sin necesidad de sacar todos los logros te llevará hasta 50 horas en adelante y tengo el 100 % junto a los DLC´s) === Historia === ❌No tiene. ❌Pasa desapercibida. ❌Del montón. ❌Buena. ❌Fantástica. ✔️Obra de arte. (A mi la época griega es que me encanta y los personajes históricos también) === Misiones Secundarias === ❌No tiene. ❌Coleccionables solamente. ❌Estan ahi para molestar al jugador. ✔️De recadero y alguna interesante. ✔️Muy bien escritas y distintas entre si. (Tiene un poco de todo, aunque vale la pena hacerlas para entender la historia. También tiene misiones creadas por otros jugadores, que puedes jugar.) === Banda Sonora === ❌Deficiente. ❌Aceptable. ❌Regular. ❌Buena. ❌Muy Buena. ✔️Excelente. === Paisajes/Panorama === ❌Malos. ❌Deficientes. ❌Mediocres. ❌Buenos. ❌Notables. ❌Muy Buenos. ✔️Excelentes. (Los paisajes te dan ganas de seguir jugando, de las mejores ambientaciones que existen para mi) === Personajes === ❌No hay como tal. ❌Carecen de importancia. ❌Normales. ✔️Memorables. ✔️De lo mejor que existe. === Bugs === ❌El juego en si es un bug. ❌Los bugs empañan la experiencia. ❌Muchos bugs. ❌Algunos bugs. ❌Puedes utilizar los bugs para pasarte el nivel. ✔️Apenas tiene y no empañan la experiencia. ❌No tiene. (Tuve algunos bugs pero no empañaron la jugabilidad solo fueron algunos visuales nomas) === Jugabilidad === ❌Injugable. ❌Pasable. ❌Buena. ✔️Excelente. ❌Única. === Recomendacion Final === ❌No te lo recomiendo por nada del mundo. ❌Poco recomendable. ❌Solo recomendable si te gusta la propuesta. ❌Recomendable. ✔️Muy recomendable si te gusta la propuesta. ✔️Recomendadisimo. ❌Lo mejor que he probado en mi vida. (Lo único malo, es el rollo conversacional. Pero le daría, la oportunidad)",95,2025-12-03 05:23:10,推荐,是
9,Steam,Assassin's Creed Odyssey,812140,"I came for the assassins. Stayed for the world. Odyssey is one of those games where you tell yourself “just one quest”… well and suddenly it’s 3 a.m. Beautiful open world, solid combat, and an absurd amount of content. Not perfect, but dangerously immersive. Worth playing if you like exploration and getting lost on purpose.",95,2025-12-23 16:52:27,推荐,是
10,Steam,Assassin's Creed Odyssey,812140,"Конченный Ubisoft connect, который не даёт зайти в игру Хер с ним, игру я запущу через 3 часа танцев с бубном, отзыв так и будет висеть пока ваша контора не сгниёт в банкротстве",89,2026-02-11 20:02:41,不推荐,是
