编号,昵称,用户ID,评论内容,发布时间,点赞数
1,鬼斯通斯鬼通,404337272,跟完8000星声，50抽左右,2025-01-07 16:45:18,1755
2,晚饭晚点吃,1890842808,"今天在地铁上遇到了一个新手在玩鸣潮，砍无冠者砍了半个小时才结束战斗，可是依旧非常认真努力。

然后我坐过站了。
他的UID放下面了
100945631",2025-01-03 18:31:16,2053
3,projectionn,96207922,一路看UP走过来真的不容易，当时鸣潮众矢之的，收集视频都是YYGQ骂人的，现在终于算是好起来了[doge_金箍],2025-01-04 18:08:48,1638
4,小奥叶修,1802026336,紫薇沉迷女色，人间失踪[黑眼圈_金箍]，投两个币，借个座[腾讯招聘_仰望大佬],2025-01-04 20:07:36,1520
5,熬夜境恐怖如斯,515989083,逆天马赛克，梦回清朝[喜极而泣],2025-01-04 18:00:57,792
6,暮雪ク,197980196,攻略视频看见巨婴弹幕真的被气笑了[笑哭],2025-01-14 04:31:46,797
7,゚゚33,2013893972,215抽0+1珂莱塔[腾讯招聘_流汗][鸣潮群星交错集_呜呜],2025-01-03 09:34:56,873
8,藍月真昼,2143916550,"今天在候机室里遇到了一个新手在玩鸣潮，拿光主砍无冠者砍了快半个小时才结束战斗，非常佩服这个新手的毅力。

然后我飞机错过了。

……算了
100713882",2025-01-04 01:44:25,692
9,上官鸿儿,32911466,难道说是爱弥斯让我们在此相遇？[doge],2026-01-04 21:10:08,807
10,送币童子2233,544592884,在此说一下我发现的一个bug，如果你跟着UP视频跑完却发现没有100%，多半是某些油彩画做完后走的比较猴急，没判定探索完成，回去再走一圈就好了。,2025-01-06 01:04:29,444
