序号,评论内容
1,听了四版配音，可能是璃月加成，觉得中配最合适。中配最棒的一点是“天动万象”这句，不像平常大招的配音一样是喊出来或者慷慨激昂怎么样的，而是很平缓，游刃有余又有点历经沧桑的悲悯。 其他几版或多或少有点刻意表现这是个大招的意思，声音就抬得有点高。但是真正岩王帝君这种沉稳和不动声色中的审判之意才更显得凌厉。 个人之见。
2,“被钟离先生缠上了，可就什么办法也没有了” 我无所谓！
3,帅到昏迷[原神_躺平][原神_躺平]
4,坟墓 坟墓 坟墓 坟墓 岩 坟墓 坟墓 王 坟墓 剪 坟墓 爷 坟墓 钟 刀 离 手
5,想起国外的一位网友评论: “他要是把我女朋友抢走了 我会很嫉妒她的。。。”
6,我是个异性恋！ 我的性取向很坚定！ 我必不可能当韭菜！！ ………（看演示）……… 岩王爷踢我屁股，快点。
7,旅行者：给我一百万摩拉，我们去抽钟离吧 公子：为什么？（为什么你们都骗我还要花我钱养别的男人） 旅行者：如果我们抽到钟离，你就可以和他打个够了。 公子/旅行者：米哈游拜托了 急救室 钟离（托腮） 门 椅子
8,[OK]要抽钟离的男旅行者这里报道
9,短短不到2分钟视频，把人物技能和玩法做了基本展示，还结合了剪影，各种帅炸的运镜和特写，最重要的是二胡也能这么燃 米哈游不止美工，导演，剪辑和配乐也都是牛人啊！那谁出来挨打
10,“此世群魔诸神并起，我虽无意逐鹿，却知苍生苦楚。” 这句话真的太棒了……我好喜欢。虽然不喜欢，甚至可能武神这个称号也不是自己的本意。他的并不是好战而战斗，而是为了和平去战斗，目的也是为了人民的富饶和幸福。呜呜呜太棒了不愧是璃月的神明！
