序号,平台,游戏名称,评论内容,情绪倾向,情绪关键词,是否提及治愈,治愈相关度,治愈感受细分,吸引游玩因素,判断依据,复核调整说明
1,B站,鸣潮,跟完8000星声，50抽左右,,,,,,,,
2,B站,鸣潮,今天在地铁上遇到了一个新手在玩鸣潮，砍无冠者砍了半个小时才结束战斗，可是依旧非常认真努力。 然后我坐过站了。 他的UID放下面了 100945631,,,,,,,,
3,B站,鸣潮,一路看UP走过来真的不容易，当时鸣潮众矢之的，收集视频都是YYGQ骂人的，现在终于算是好起来了[doge_金箍],,,,,,,,
4,B站,鸣潮,紫薇沉迷女色，人间失踪[黑眼圈_金箍]，投两个币，借个座[腾讯招聘_仰望大佬],,,,,,,,
5,B站,鸣潮,逆天马赛克，梦回清朝[喜极而泣],,,,,,,,
6,B站,鸣潮,攻略视频看见巨婴弹幕真的被气笑了[笑哭],,,,,,,,
7,B站,鸣潮,215抽0+1珂莱塔[腾讯招聘_流汗][鸣潮群星交错集_呜呜],,,,,,,,
8,B站,鸣潮,今天在候机室里遇到了一个新手在玩鸣潮，拿光主砍无冠者砍了快半个小时才结束战斗，非常佩服这个新手的毅力。 然后我飞机错过了。 ……算了 100713882,,,,,,,,
9,B站,鸣潮,难道说是爱弥斯让我们在此相遇？[doge],,,,,,,,
10,B站,鸣潮,在此说一下我发现的一个bug，如果你跟着UP视频跑完却发现没有100%，多半是某些油彩画做完后走的比较猴急，没判定探索完成，回去再走一圈就好了。,,,,,,,,
